rank,code,name,market,mktcap,sector,close,stop,trend_score,pattern_score,volume_score,supply_score,risk_score,total_score,risk_pct,bbw_pct,adx,setup,ma20,ma60,bb_upper,door_knock,squeeze,score_details,base_stop,strat1_type,strat1_name,strat1_entry,strat1_stop,strat1_risk,strat2_type,strat2_name,strat2_entry,strat2_stop,strat2_risk,strat3_type,strat3_name,strat3_entry,strat3_stop,strat3_risk,foreign_consec_buy,foreign_net_5d,inst_net_5d,scan_date,chunk,keywords,news_count
1,103140,풍산,KOSPI,3676785273600,기타,131200.0,124561.5,25.0,15.0,20.0,15,8.0,83.0,6.921404232424678,41.1764705882353,56.10037288576967,B,122560.0,110002.0,130139.58420458011,True,False,"{""trend_ma20"": 5, ""trend_ma50"": 5, ""trend_ma200"": 5, ""trend_align_20_50"": 3, ""trend_align_50_200"": 2, ""trend_adx"": 5, ""pat_door_knock"": 10, ""pat_setup_b"": 5, ""vol_explosion"": 5, ""vol_dryup"": 7, ""vol_today"": 8, ""risk_deduction"": -2}",93500.0,breakout,돌파,133824.0,124561.5,6.921404232424678,oneil,오닐,131200.0,125025.0,4.706554878048781,pullback,눌림목,122560.0,115150.0,6.046018276762402,5,36710066500.0,12966582800.0,2026-01-30 18:18,1,,0
2,108490,로보티즈,KOSDAQ,4931974788000,"솔루션(로봇 엑츄에이터 모듈과 구동 소프트웨어), 에듀테인먼트 로봇, 로봇 플랫폼",338500.0,311107.5,23.0,25.0,16.0,15,3.0,82.0,9.894430445738118,10.92436974789916,29.081398102488638,B,267075.0,261626.0,322433.07115845557,True,True,"{""trend_ma20"": 5, ""trend_ma50"": 5, ""trend_ma200"": 5, ""trend_align_20_50"": 3, ""trend_align_50_200"": 2, ""trend_adx"": 3, ""pat_door_knock"": 10, ""pat_squeeze"": 10, ""pat_setup_b"": 5, ""vol_explosion"": 5, ""vol_dryup"": 3, ""vol_today"": 8, ""risk_deduction"": -7}",81801.0,breakout,돌파,345270.0,311107.5,9.894430445738118,oneil,오닐,338500.0,315725.0,6.72821270310192,pullback,눌림목,267075.0,239745.0,10.233080595338388,5,115010150500.0,179482181500.0,2026-01-30 18:18,1,,0
3,192820,코스맥스,KOSPI,2298275572500,화장품,202500.0,195757.5,18.0,25.0,16.0,11,9.0,79.0,5.2251270878721865,4.201680672268908,51.05532926593269,B,184035.0,172976.0,197525.6194865758,True,True,"{""trend_ma20"": 5, ""trend_ma50"": 5, ""trend_align_20_50"": 3, ""trend_adx"": 5, ""pat_door_knock"": 10, ""pat_squeeze"": 10, ""pat_setup_b"": 5, ""vol_explosion"": 5, ""vol_dryup"": 3, ""vol_today"": 8, ""risk_deduction"": -1}",155700.0,breakout,돌파,206550.0,195757.5,5.2251270878721865,oneil,오닐,202500.0,195305.0,3.553086419753086,pullback,눌림목,184035.0,175401.0,4.691498899665825,5,9267644700.0,-3399693100.0,2026-01-30 18:18,1,,0
4,012750,에스원,KOSPI,3024734568800,"부가통신 서비스(경비),안전관리용역,CCTV카메라",79600.0,77060.0,24.0,24.0,13.0,8,10.0,79.0,3.1909547738693465,15.966386554621849,30.07962957765333,A,75855.0,75576.0,79514.48038329341,True,True,"{""trend_ma20"": 5, ""trend_ma50"": 5, ""trend_ma200"": 5, ""trend_align_20_50"": 3, ""trend_align_50_200"": 2, ""trend_adx"": 4, ""pat_door_knock"": 10, ""pat_squeeze"": 10, ""pat_setup_a"": 4, ""vol_explosion"": 5, ""vol_today"": 8, ""risk_safe"": 10}",73800.0,oneil,Pocket Pivot,79600.0,77060.0,3.1909547738693465,breakout,돌파,81192.0,77104.5,5.034362991427726,pullback,눌림목,75855.0,73800.0,2.7091160767253313,4,1650051300.0,-2401018800.0,2026-01-30 18:18,1,,0
5,222800,심텍,KOSDAQ GLOBAL,2259204189000,반도체용 인쇄회로기판,60500.0,56672.5,19.0,25.0,18.0,7,8.0,77.0,6.326446280991735,12.605042016806722,21.884822841115657,B,50210.0,51562.0,60956.63695085339,True,True,"{""trend_ma20"": 5, ""trend_ma50"": 5, ""trend_ma200"": 5, ""trend_align_50_200"": 2, ""trend_adx"": 2, ""pat_door_knock"": 10, ""pat_squeeze"": 10, ""pat_setup_b"": 5, ""vol_explosion"": 5, ""vol_dryup"": 5, ""vol_today"": 8, ""risk_deduction"": -2}",25600.0,oneil,Pocket Pivot,60500.0,56672.5,6.326446280991735,breakout,돌파,60956.63695085339,55215.38695085339,9.418580629093617,pullback,눌림목,50210.0,45617.0,9.147580163314082,0,152253000.0,59449439700.0,2026-01-30 18:18,1,,0
6,060370,LS마린솔루션,KOSDAQ,1687314984200,해저케이블등의 건설 및 유지보수 업무,32300.0,31546.07833091224,21.0,20.0,20.0,7,9.0,77.0,5.482968915209824,16.80672268907563,31.75584580157757,R,29377.5,29401.0,33376.07833091224,True,True,"{""trend_ma20"": 5, ""trend_ma50"": 5, ""trend_ma200"": 5, ""trend_align_50_200"": 2, ""trend_adx"": 4, ""pat_door_knock"": 10, ""pat_squeeze"": 10, ""vol_explosion"": 5, ""vol_dryup"": 7, ""vol_today"": 8, ""risk_deduction"": -1}",29450.0,breakout,돌파,33376.07833091224,31546.07833091224,5.482968915209824,oneil,오닐,32300.0,31080.0,3.777089783281734,pullback,눌림목,29377.5,27908.625,5.0,0,162053700.0,21204277200.0,2026-01-30 18:18,1,,0
7,139130,iM금융지주,KOSPI,2489681036500,지주회사,15500.0,14982.618497229463,25.0,15.0,18.0,9,10.0,77.0,3.7856120867875607,47.89915966386555,49.81178446623061,B,14627.0,14619.6,15572.118497229463,True,False,"{""trend_ma20"": 5, ""trend_ma50"": 5, ""trend_ma200"": 5, ""trend_align_20_50"": 3, ""trend_align_50_200"": 2, ""trend_adx"": 5, ""pat_door_knock"": 10, ""pat_setup_b"": 5, ""vol_explosion"": 5, ""vol_dryup"": 5, ""vol_today"": 8, ""risk_safe"": 10}",14560.0,breakout,돌파,15572.118497229463,14982.618497229463,3.7856120867875607,pullback,눌림목,14627.0,14560.0,0.45805701784371367,oneil,오닐,15500.0,15107.0,2.5354838709677416,1,4417628190.0,1330727470.0,2026-01-30 18:18,1,,0
8,078930,GS,KOSPI,6383286468600,지주회사/부동산 임대,68700.0,66565.0,25.0,15.0,16.0,11,10.0,77.0,3.107714701601165,19.327731092436974,62.893880186893284,B,60690.0,58418.0,64909.18322427542,False,True,"{""trend_ma20"": 5, ""trend_ma50"": 5, ""trend_ma200"": 5, ""trend_align_20_50"": 3, ""trend_align_50_200"": 2, ""trend_adx"": 5, ""pat_squeeze"": 10, ""pat_setup_b"": 5, ""vol_explosion"": 5, ""vol_dryup"": 3, ""vol_today"": 8, ""risk_safe"": 10}",40700.0,oneil,Pocket Pivot,68700.0,66565.0,3.107714701601165,breakout,돌파,70074.0,66871.5,4.570168678825242,pullback,눌림목,60690.0,58128.0,4.221453287197232,5,21894701600.0,-4155108300.0,2026-01-30 18:18,1,,0
9,002380,KCC,KOSPI,4345484319000,"건축용단열재,내외장재,스레트,밤라이트,암면,석고보드,판유리 제조",489000.0,472980.0,25.0,20.0,11.0,11,9.0,76.0,5.172621195717551,18.48739495798319,46.32648773986018,R,437650.0,426750.0,466639.8603753064,True,True,"{""trend_ma20"": 5, ""trend_ma50"": 5, ""trend_ma200"": 5, ""trend_align_20_50"": 3, ""trend_align_50_200"": 2, ""trend_adx"": 5, ""pat_door_knock"": 10, ""pat_squeeze"": 10, ""vol_explosion"": 5, ""vol_dryup"": 3, ""vol_today"": 3, ""risk_deduction"": -1}",346000.0,breakout,돌파,498780.0,472980.0,5.172621195717551,oneil,오닐,489000.0,471800.0,3.517382413087935,pullback,눌림목,437650.0,417010.0,4.716097338055524,5,14709935500.0,-2194785500.0,2026-01-30 18:18,1,,0
10,069260,TKG휴켐스,KOSPI,817571760000,"화합물,화학제품 제조",20000.0,19535.0,22.0,15.0,13.0,15,10.0,75.0,2.325,80.67226890756302,45.34672123034693,B,18667.0,18856.6,20092.899104614262,True,False,"{""trend_ma20"": 5, ""trend_ma50"": 5, ""trend_ma200"": 5, ""trend_align_50_200"": 2, ""trend_adx"": 5, ""pat_door_knock"": 10, ""pat_setup_b"": 5, ""vol_dryup"": 5, ""vol_today"": 8, ""risk_safe"": 10}",17980.0,oneil,Inside Day,20000.0,19535.0,2.325,breakout,돌파,20092.899104614262,19395.399104614262,3.471375615676195,pullback,눌림목,18667.0,18109.0,2.9892323351368724,5,3143458340.0,2185797780.0,2026-01-30 18:19,1,,0
11,033780,KT&G,KOSPI,18156605665500,"잎담배,제조담배,홍삼,홍삼제품 제조,판매",153900.0,152193.0,25.0,24.0,8.0,8,10.0,75.0,3.0481978366395293,6.722689075630252,40.409074505706535,A,144105.0,143880.0,148895.03629447214,True,True,"{""trend_ma20"": 5, ""trend_ma50"": 5, ""trend_ma200"": 5, ""trend_align_20_50"": 3, ""trend_align_50_200"": 2, ""trend_adx"": 5, ""pat_door_knock"": 10, ""pat_squeeze"": 10, ""pat_setup_a"": 4, ""vol_today"": 8, ""risk_safe"": 10}",141700.0,breakout,돌파,156978.0,152193.0,3.0481978366395293,pullback,눌림목,144105.0,141700.0,1.6689219666215604,oneil,오닐,153900.0,150710.0,2.07277452891488,3,21654310800.0,-26625605300.0,2026-01-30 18:18,1,,0
12,102940,코오롱생명과학,KOSDAQ,839263680000,"항균제, 수처리제, 원료의약 등",64800.0,61389.75,22.0,15.0,20.0,11,7.0,75.0,7.120324981844589,64.70588235294117,43.26712231923922,B,50475.0,51242.0,64572.34090750701,True,False,"{""trend_ma20"": 5, ""trend_ma50"": 5, ""trend_ma200"": 5, ""trend_align_50_200"": 2, ""trend_adx"": 5, ""pat_door_knock"": 10, ""pat_setup_b"": 5, ""vol_explosion"": 5, ""vol_dryup"": 7, ""vol_today"": 8, ""risk_deduction"": -3}",33000.0,breakout,돌파,66096.0,61389.75,7.120324981844589,oneil,오닐,64800.0,61662.5,4.841820987654321,pullback,눌림목,50475.0,46710.0,7.459138187221397,5,6064957500.0,-1612049000.0,2026-01-30 18:18,1,,0
13,034230,파라다이스,KOSPI,1639274616660,"카지노, 호텔, 복합리조트",17740.0,17569.232903846034,19.0,25.0,18.0,3,9.0,74.0,5.372512251702459,0.0,24.54160028081994,B,16823.0,17054.2,18566.732903846034,True,True,"{""trend_ma20"": 5, ""trend_ma50"": 5, ""trend_ma200"": 5, ""trend_align_50_200"": 2, ""trend_adx"": 2, ""pat_door_knock"": 10, ""pat_squeeze"": 10, ""pat_setup_b"": 5, ""vol_explosion"": 5, ""vol_dryup"": 5, ""vol_today"": 8, ""risk_deduction"": -1}",14110.0,breakout,돌파,18566.732903846034,17569.232903846034,5.372512251702459,oneil,오닐,17740.0,17170.0,3.2130777903043963,pullback,눌림목,16823.0,16025.0,4.743505914521785,0,78025270.0,-4421732170.0,2026-01-30 18:18,1,,0
14,005810,풍산홀딩스,KOSPI,596875888800,"동판제,대,관,봉,선,소전,동파이프 제조,도매,무역",41400.0,40800.0,20.0,24.0,13.0,5,10.0,72.0,3.3816425120772946,5.042016806722689,20.82701321792852,A,39047.5,37976.0,40127.25302683174,True,True,"{""trend_ma20"": 5, ""trend_ma50"": 5, ""trend_ma200"": 5, ""trend_align_20_50"": 3, ""trend_adx"": 2, ""pat_door_knock"": 10, ""pat_squeeze"": 10, ""pat_setup_a"": 4, ""vol_explosion"": 5, ""vol_today"": 8, ""risk_safe"": 10}",40800.0,breakout,돌파,42228.0,40203.0,4.79539641943734,oneil,오닐,41400.0,40050.0,3.260869565217391,pullback,눌림목,39047.5,37095.125,5.0,2,1284642450.0,-962322200.0,2026-01-30 18:18,1,,0
15,950160,코오롱티슈진,KOSDAQ,8738232825000,골관절염 치료제,105000.0,98915.0,25.0,10.0,13.0,15,9.0,72.0,5.795238095238095,68.90756302521008,43.937145016752005,-,80230.0,77148.0,100059.5381139275,True,False,"{""trend_ma20"": 5, ""trend_ma50"": 5, ""trend_ma200"": 5, ""trend_align_20_50"": 3, ""trend_align_50_200"": 2, ""trend_adx"": 5, ""pat_door_knock"": 10, ""vol_explosion"": 5, ""vol_dryup"": 5, ""vol_today"": 3, ""risk_deduction"": -1}",45550.0,oneil,Inside Day,105000.0,98915.0,5.795238095238095,breakout,돌파,107100.0,97972.5,8.522408963585434,pullback,눌림목,80230.0,72928.0,9.101333665711081,5,29008815000.0,24277538600.0,2026-01-30 18:19,1,,0
16,004690,삼천리,KOSPI,582301590000,도시가스 공급/부동산 임대,143600.0,139095.0,20.0,15.0,16.0,11,10.0,72.0,3.1371866295264623,56.30252100840336,29.82618810931967,B,126305.0,127216.0,138110.9028052868,True,False,"{""trend_ma20"": 5, ""trend_ma50"": 5, ""trend_ma200"": 5, ""trend_align_50_200"": 2, ""trend_adx"": 3, ""pat_door_knock"": 10, ""pat_setup_b"": 5, ""vol_explosion"": 5, ""vol_dryup"": 3, ""vol_today"": 8, ""risk_safe"": 10}",96800.0,oneil,Pocket Pivot,143600.0,139095.0,3.1371866295264623,breakout,돌파,146472.0,139714.5,4.613509749303621,pullback,눌림목,126305.0,120899.0,4.28011559320692,5,3151350500.0,-1018366100.0,2026-01-30 18:19,1,,0
17,007700,F&F홀딩스,KOSPI,815534551950,지주회사,20850.0,20400.0,19.0,20.0,18.0,5,10.0,72.0,2.158273381294964,0.0,24.99886251499782,R,19408.5,19872.4,21492.923670194847,True,True,"{""trend_ma20"": 5, ""trend_ma50"": 5, ""trend_ma200"": 5, ""trend_align_50_200"": 2, ""trend_adx"": 2, ""pat_door_knock"": 10, ""pat_squeeze"": 10, ""vol_explosion"": 5, ""vol_dryup"": 5, ""vol_today"": 8, ""risk_safe"": 10}",20400.0,oneil,Pocket Pivot,20850.0,19907.5,4.520383693045563,breakout,돌파,21492.923670194847,20079.173670194847,6.577746339649954,pullback,눌림목,19408.5,18438.075,4.9999999999999964,2,142853220.0,-47700970.0,2026-01-30 18:18,1,,0
18,011790,SKC,KOSPI,4434377695800,"기초화학원료(PO, PG), 전지용 동박 등을 제조ㆍ판매하는 사업",117100.0,115400.0,24.0,20.0,11.0,7,10.0,72.0,4.813993777203093,18.48739495798319,34.7457518269728,R,109995.0,109340.0,121236.30833915781,True,True,"{""trend_ma20"": 5, ""trend_ma50"": 5, ""trend_ma200"": 5, ""trend_align_20_50"": 3, ""trend_align_50_200"": 2, ""trend_adx"": 4, ""pat_door_knock"": 10, ""pat_squeeze"": 10, ""vol_dryup"": 3, ""vol_today"": 8, ""risk_safe"": 10}",115400.0,breakout,돌파,121236.30833915781,113991.30833915781,5.975932539724122,oneil,오닐,117100.0,114270.0,2.416737830913749,pullback,눌림목,109995.0,104495.25,5.0,0,3965835800.0,531952300.0,2026-01-30 18:18,1,,0
19,069960,현대백화점,KOSPI,2120319778100,백화점,93700.0,91390.0,20.0,20.0,11.0,11,10.0,72.0,2.4653148345784417,0.0,25.47390861825537,R,91445.0,91926.0,97618.53532161529,True,True,"{""trend_ma20"": 5, ""trend_ma50"": 5, ""trend_ma200"": 5, ""trend_align_50_200"": 2, ""trend_adx"": 3, ""pat_door_knock"": 10, ""pat_squeeze"": 10, ""vol_dryup"": 3, ""vol_today"": 8, ""risk_safe"": 10}",85900.0,oneil,Pocket Pivot,93700.0,91390.0,2.4653148345784417,breakout,돌파,97618.53532161529,91176.03532161529,6.5996687809077,pullback,눌림목,91445.0,86291.0,5.636174749849636,5,13351498200.0,-20722871900.0,2026-01-30 18:19,1,,0
20,055550,신한지주,KOSPI,40927222936200,금융지주회사,84300.0,78237.0,24.0,20.0,5.0,11,10.0,70.0,3.4289946306239583,18.48739495798319,34.03935051492188,R,81015.0,79044.0,83739.62858354801,True,True,"{""trend_ma20"": 5, ""trend_ma50"": 5, ""trend_ma200"": 5, ""trend_align_20_50"": 3, ""trend_align_50_200"": 2, ""trend_adx"": 4, ""pat_door_knock"": 10, ""pat_squeeze"": 10, ""vol_today"": 5, ""risk_safe"": 10}",59800.0,pullback,눌림목,81015.0,78237.0,3.4289946306239583,breakout,돌파,85986.0,82513.5,4.038448119461307,oneil,오닐,84300.0,83130.0,1.387900355871886,5,114210434100.0,-35140925300.0,2026-01-30 18:19,1,,0
21,009240,한샘,KOSPI,1096681044800,"주방가구(씽크대),인테리어가구 판매,제조/주택신축판매",46600.0,47600.0,21.0,10.0,20.0,9,10.0,70.0,1.854157742439724,54.621848739495796,39.666860396321304,-,44285.0,45500.0,48499.25264799826,True,False,"{""trend_ma20"": 5, ""trend_ma50"": 5, ""trend_ma200"": 5, ""trend_align_50_200"": 2, ""trend_adx"": 4, ""pat_door_knock"": 10, ""vol_explosion"": 5, ""vol_dryup"": 7, ""vol_today"": 8, ""risk_safe"": 10}",47600.0,breakout,돌파,48499.25264799826,46519.25264799826,4.082537135923726,oneil,오닐,46600.0,45280.0,2.832618025751073,pullback,눌림목,44285.0,42070.75,5.0,1,513614550.0,4373810550.0,2026-01-30 18:19,1,,0
22,006650,대한유화,KOSPI,1015950000000,"폴리프로필렌,고밀도폴리에틸렌,나프타분해유분,올레핀류,혼합C4류,분해가솔린 제조",156300.0,139106.0,24.0,20.0,12.0,6,8.0,70.0,6.9773973518790955,8.403361344537815,32.12748900556544,R,149540.0,147240.0,164405.90123429697,True,True,"{""trend_ma20"": 5, ""trend_ma50"": 5, ""trend_ma200"": 5, ""trend_align_20_50"": 3, ""trend_align_50_200"": 2, ""trend_adx"": 4, ""pat_door_knock"": 10, ""pat_squeeze"": 10, ""vol_explosion"": 5, ""vol_dryup"": 7, ""risk_deduction"": -2}",97800.0,pullback,눌림목,149540.0,139106.0,6.9773973518790955,breakout,돌파,164405.90123429697,151363.40123429697,7.9331093969753335,oneil,오닐,156300.0,146922.0,6.0,1,-1128360400.0,3303979200.0,2026-01-30 18:18,1,,0
23,003090,대웅,KOSPI,1395407520000,"지주회사/의약품,화공약품,농예약품,위생용품,의료용구,식품,전기전자기구,부품 제조,판매",24000.0,24260.597035619227,22.0,10.0,13.0,15,10.0,70.0,4.183950118545587,5.042016806722689,44.61429472323487,-,22195.0,23002.0,25319.972035619227,False,True,"{""trend_ma20"": 5, ""trend_ma50"": 5, ""trend_ma200"": 5, ""trend_align_50_200"": 2, ""trend_adx"": 5, ""pat_squeeze"": 10, ""vol_explosion"": 5, ""vol_dryup"": 3, ""vol_today"": 5, ""risk_safe"": 10}",23000.0,breakout,돌파,25319.972035619227,24260.597035619227,4.183950118545587,oneil,오닐,24000.0,23293.75,2.9427083333333335,pullback,눌림목,22195.0,21085.25,5.0,5,3502343050.0,1085573750.0,2026-01-30 18:20,1,,0
24,281820,케이씨텍,KOSPI,977617761750,"반도체, 디스플레이 제조 장비",47250.0,44977.5,22.0,15.0,18.0,5,10.0,70.0,4.809523809523809,35.294117647058826,21.700484579072953,B,41497.5,39850.0,45259.8570412622,True,False,"{""trend_ma20"": 5, ""trend_ma50"": 5, ""trend_ma200"": 5, ""trend_align_20_50"": 3, ""trend_align_50_200"": 2, ""trend_adx"": 2, ""pat_door_knock"": 10, ""pat_setup_b"": 5, ""vol_explosion"": 5, ""vol_dryup"": 5, ""vol_today"": 8, ""risk_safe"": 10}",41400.0,oneil,Pocket Pivot,47250.0,44977.5,4.809523809523809,breakout,돌파,48195.0,44786.25,7.072829131652661,pullback,눌림목,41497.5,41400.0,0.23495391288631842,2,6177403900.0,-1902223600.0,2026-01-30 18:18,1,,0
25,139480,이마트,KOSPI,2511219529000,대형마트,91000.0,88972.5,24.0,10.0,13.0,12,10.0,69.0,4.145119586296056,23.529411764705884,38.263252616012004,-,84625.0,83392.0,90854.88247369076,True,False,"{""trend_ma20"": 5, ""trend_ma50"": 5, ""trend_ma200"": 5, ""trend_align_20_50"": 3, ""trend_align_50_200"": 2, ""trend_adx"": 4, ""pat_door_knock"": 10, ""vol_explosion"": 5, ""vol_dryup"": 3, ""vol_today"": 5, ""risk_safe"": 10}",61800.0,breakout,돌파,92820.0,88972.5,4.145119586296056,oneil,오닐,91000.0,88435.0,2.818681318681319,pullback,눌림목,84625.0,81547.0,3.6372230428360415,3,10518563800.0,323018500.0,2026-01-30 18:19,1,,0
26,002020,코오롱,KOSPI,779623872000,지주회사,60400.0,57755.0,21.0,5.0,18.0,15,10.0,69.0,4.379139072847682,42.016806722689076,39.67349731599887,B,47235.0,49705.0,57310.186878356355,False,False,"{""trend_ma20"": 5, ""trend_ma50"": 5, ""trend_ma200"": 5, ""trend_align_50_200"": 2, ""trend_adx"": 4, ""pat_setup_b"": 5, ""vol_explosion"": 5, ""vol_dryup"": 5, ""vol_today"": 8, ""risk_safe"": 10}",30200.0,oneil,오닐,60400.0,57755.0,4.379139072847682,breakout,돌파,61608.0,57640.5,6.439910401246592,pullback,눌림목,47235.0,44061.0,6.719593521752937,5,13080407850.0,144112750.0,2026-01-30 18:20,1,,0
27,003160,디아이,KOSPI,974935000000,"반도체검사장비,전자부품,레저용품,석제품 제조,판매,오파,부동산임대업",34450.0,30882.75,25.0,15.0,20.0,9,0.0,69.0,12.112609920601042,68.90756302521008,66.84907169507815,B,30210.0,25071.8,33547.57621170186,True,False,"{""trend_ma20"": 5, ""trend_ma50"": 5, ""trend_ma200"": 5, ""trend_align_20_50"": 3, ""trend_align_50_200"": 2, ""trend_adx"": 5, ""pat_door_knock"": 10, ""pat_setup_b"": 5, ""vol_explosion"": 5, ""vol_dryup"": 7, ""vol_today"": 8, ""risk_deduction"": -10}",24300.0,breakout,돌파,35139.0,30882.75,12.112609920601042,oneil,오닐,34450.0,31612.5,8.236574746008708,pullback,눌림목,30210.0,26805.0,11.271102284011917,1,9912179000.0,13572687900.0,2026-01-30 18:19,1,,0
28,059090,미코,KOSDAQ,592479473940,반도체 및 디스플레이 부품 제조,17730.0,16991.0,21.0,5.0,18.0,15,10.0,69.0,4.168076706147772,71.42857142857143,25.37423768060334,B,13970.5,13765.4,15818.500623012671,False,False,"{""trend_ma20"": 5, ""trend_ma50"": 5, ""trend_ma200"": 5, ""trend_align_20_50"": 3, ""trend_adx"": 3, ""pat_setup_b"": 5, ""vol_explosion"": 5, ""vol_dryup"": 5, ""vol_today"": 8, ""risk_safe"": 10}",15050.0,oneil,Pocket Pivot,17730.0,16991.0,4.168076706147772,pullback,눌림목,13970.5,13271.974999999999,5.000000000000011,breakout,돌파,18084.6,16976.1,6.1295245678643715,5,15132352190.0,16830493450.0,2026-01-30 18:20,1,,0
29,290650,엘앤씨바이오,KOSDAQ,2290438208600,"인체조직(피부, 뼈, 연골)",92200.0,87355.0,22.0,5.0,18.0,15,9.0,69.0,5.254880694143167,54.621848739495796,54.838803520045815,B,61805.0,62242.0,76462.1771277925,False,False,"{""trend_ma20"": 5, ""trend_ma50"": 5, ""trend_ma200"": 5, ""trend_align_50_200"": 2, ""trend_adx"": 5, ""pat_setup_b"": 5, ""vol_explosion"": 5, ""vol_dryup"": 5, ""vol_today"": 8, ""risk_deduction"": -1}",43000.0,oneil,Pocket Pivot,92200.0,87355.0,5.254880694143167,breakout,돌파,94044.0,86776.5,7.727765726681128,pullback,눌림목,61805.0,55991.0,9.407005905671062,5,90705967100.0,52964602300.0,2026-01-30 18:20,1,,0
30,001800,오리온홀딩스,KOSPI,1309289319800,자회사 관리 지주사업 등,20900.0,20790.0,22.0,20.0,6.0,11,10.0,69.0,0.5263157894736842,0.0,46.05922727815025,R,20346.5,20412.0,21548.090937634246,True,True,"{""trend_ma20"": 5, ""trend_ma50"": 5, ""trend_ma200"": 5, ""trend_align_50_200"": 2, ""trend_adx"": 5, ""pat_door_knock"": 10, ""pat_squeeze"": 10, ""vol_dryup"": 3, ""vol_today"": 3, ""risk_safe"": 10}",19650.0,oneil,Inside Day,20900.0,20790.0,0.5263157894736842,pullback,눌림목,20346.5,19674.2,3.3042538028653543,breakout,돌파,21548.090937634246,20707.715937634246,3.899997463498102,5,2524876600.0,-1534143350.0,2026-01-30 18:19,1,,0
31,012510,더존비즈온,KOSPI,2959283161600,응용 소프트웨어 개발 및 공급업,97400.0,94770.0,25.0,15.0,16.0,3,10.0,69.0,2.700205338809035,32.773109243697476,48.30268902918431,B,93670.0,91382.0,99569.25063297308,True,False,"{""trend_ma20"": 5, ""trend_ma50"": 5, ""trend_ma200"": 5, ""trend_align_20_50"": 3, ""trend_align_50_200"": 2, ""trend_adx"": 5, ""pat_door_knock"": 10, ""pat_setup_b"": 5, ""vol_explosion"": 5, ""vol_dryup"": 3, ""vol_today"": 8, ""risk_safe"": 10}",80400.0,oneil,Pocket Pivot,97400.0,94770.0,2.700205338809035,pullback,눌림목,93670.0,88960.0,5.028290808156293,breakout,돌파,99569.25063297308,93681.75063297308,5.9129700811972485,0,6112063400.0,-6631437400.0,2026-01-30 18:18,1,,0
32,035900,JYP Ent.,KOSDAQ GLOBAL,2622297909600,오디오물 출판 및 원판 녹음 관련 제품,73800.0,71848.23905489847,22.0,10.0,20.0,7,10.0,69.0,4.600784727203459,23.529411764705884,30.936924617464154,-,70430.0,69396.0,75313.23905489847,True,False,"{""trend_ma20"": 5, ""trend_ma50"": 5, ""trend_ma200"": 5, ""trend_align_20_50"": 3, ""trend_adx"": 4, ""pat_door_knock"": 10, ""vol_explosion"": 5, ""vol_dryup"": 7, ""vol_today"": 8, ""risk_safe"": 10}",66800.0,breakout,돌파,75313.23905489847,71848.23905489847,4.600784727203459,oneil,오닐,73800.0,71490.0,3.1300813008130084,pullback,눌림목,70430.0,67658.0,3.9358228027829045,0,5946165600.0,73465001500.0,2026-01-30 18:19,1,,0
33,121600,나노신소재,KOSDAQ,843793298100,"인듐계 산화물 TCO Target, 반도체 CMP Slurry 등",69100.0,65747.5,25.0,15.0,13.0,6,10.0,69.0,4.851664254703328,54.621848739495796,50.79292885012622,B,55177.5,55140.0,69191.328883251,True,False,"{""trend_ma20"": 5, ""trend_ma50"": 5, ""trend_ma200"": 5, ""trend_align_20_50"": 3, ""trend_align_50_200"": 2, ""trend_adx"": 5, ""pat_door_knock"": 10, ""pat_setup_b"": 5, ""vol_explosion"": 5, ""vol_today"": 8, ""risk_safe"": 10}",61700.0,oneil,Inside Day,69100.0,65747.5,4.851664254703328,breakout,돌파,69191.328883251,64162.578883251,7.267890472930777,pullback,눌림목,55177.5,52418.625,5.0,1,-10551851900.0,30716137600.0,2026-01-30 18:18,1,,0
34,017800,현대엘리베이터,KOSPI,3690321144000,"엘리베이터,에스컬레이터,공항,공정,크린룸,병원 물류시스템,수,배송센터,고속소팅시스템,주차설비 제조,판매,보수",94400.0,95173.37274419736,24.0,15.0,18.0,2,10.0,69.0,3.666651145822043,74.78991596638656,36.52968706225354,B,89695.0,88720.0,98795.87274419736,True,False,"{""trend_ma20"": 5, ""trend_ma50"": 5, ""trend_ma200"": 5, ""trend_align_20_50"": 3, ""trend_align_50_200"": 2, ""trend_adx"": 4, ""pat_door_knock"": 10, ""pat_setup_b"": 5, ""vol_explosion"": 5, ""vol_dryup"": 5, ""vol_today"": 8, ""risk_safe"": 10}",80700.0,breakout,돌파,98795.87274419736,95173.37274419736,3.666651145822043,oneil,오닐,94400.0,91990.0,2.5529661016949152,pullback,눌림목,89695.0,86797.0,3.230949328279168,2,-1384405500.0,-5003736100.0,2026-01-30 18:18,1,,0
35,185750,종근당,KOSPI,1180137690000,"딜라트렌,리피로우",85500.0,85450.0,22.0,20.0,5.0,11,10.0,68.0,0.058479532163742694,10.084033613445378,41.097334846528156,R,84145.0,85280.0,88759.45381850594,True,True,"{""trend_ma20"": 5, ""trend_ma50"": 5, ""trend_ma200"": 5, ""trend_align_50_200"": 2, ""trend_adx"": 5, ""pat_door_knock"": 10, ""pat_squeeze"": 10, ""vol_explosion"": 5, ""risk_safe"": 10}",82800.0,oneil,Inside Day,85500.0,85450.0,0.058479532163742694,pullback,눌림목,84145.0,82800.0,1.598431279339236,breakout,돌파,88759.45381850594,85954.45381850594,3.160226746928416,5,5972537200.0,-160571400.0,2026-01-30 18:19,1,,0
36,171090,선익시스템,KOSDAQ,589101440400,OLED 증착장비,61400.0,58150.0,24.0,15.0,13.0,7,9.0,68.0,5.293159609120521,65.54621848739495,37.835552181343594,B,53457.5,52257.0,61489.65449483718,True,False,"{""trend_ma20"": 5, ""trend_ma50"": 5, ""trend_ma200"": 5, ""trend_align_20_50"": 3, ""trend_align_50_200"": 2, ""trend_adx"": 4, ""pat_door_knock"": 10, ""pat_setup_b"": 5, ""vol_explosion"": 5, ""vol_today"": 8, ""risk_deduction"": -1}",34300.0,oneil,Pocket Pivot,61400.0,58150.0,5.293159609120521,breakout,돌파,61489.65449483718,55688.40449483718,9.434513899386257,pullback,눌림목,53457.5,48816.5,8.681663003320395,0,116043900.0,5060313200.0,2026-01-30 18:19,1,,0
37,000120,CJ대한통운,KOSPI,2367921307200,"Contract Logistics, 포워딩, 항만하역, 해운, 택배국제특송, SCM Consulting",103800.0,100446.0,25.0,10.0,15.0,9,9.0,68.0,5.128641051796441,31.932773109243698,45.99241717936366,-,98150.0,96204.0,103565.11824016296,True,False,"{""trend_ma20"": 5, ""trend_ma50"": 5, ""trend_ma200"": 5, ""trend_align_20_50"": 3, ""trend_align_50_200"": 2, ""trend_adx"": 5, ""pat_door_knock"": 10, ""vol_explosion"": 5, ""vol_dryup"": 5, ""vol_today"": 5, ""risk_deduction"": -1}",94200.0,breakout,돌파,105876.0,100446.0,5.128641051796441,oneil,오닐,103800.0,100180.0,3.48747591522158,pullback,눌림목,98150.0,94200.0,4.02445236882323,2,2545265500.0,1991833400.0,2026-01-30 18:19,1,,0
38,353200,대덕전자,KOSPI,3128091352500,"PCB(Printed Circuit Board, 인쇄회로기판)의 제조 및 판매",63300.0,59715.0,24.0,15.0,20.0,0,9.0,68.0,5.6635071090047395,2.5210084033613445,34.50818955123098,B,48952.5,48533.0,55259.76109886615,False,True,"{""trend_ma20"": 5, ""trend_ma50"": 5, ""trend_ma200"": 5, ""trend_align_20_50"": 3, ""trend_align_50_200"": 2, ""trend_adx"": 4, ""pat_squeeze"": 10, ""pat_setup_b"": 5, ""vol_explosion"": 5, ""vol_dryup"": 7, ""vol_today"": 8, ""risk_deduction"": -1}",20700.0,oneil,Pocket Pivot,63300.0,59715.0,5.6635071090047395,breakout,돌파,64566.0,59188.5,8.32868692500697,pullback,눌림목,48952.5,44650.5,8.788110923854758,0,-12139730500.0,-11305948500.0,2026-01-30 18:18,1,,0
39,100840,SNT에너지,KOSPI,871695003450,"공냉식 열교환장치,폐열회수장치 제조",42150.0,40630.0,17.0,20.0,16.0,5,10.0,68.0,3.606168446026097,0.0,37.638198094614395,R,39512.5,39289.0,43863.99057713875,True,True,"{""trend_ma20"": 5, ""trend_ma50"": 5, ""trend_align_20_50"": 3, ""trend_adx"": 4, ""pat_door_knock"": 10, ""pat_squeeze"": 10, ""vol_explosion"": 5, ""vol_dryup"": 3, ""vol_today"": 8, ""risk_safe"": 10}",40100.0,oneil,Inside Day,42150.0,40630.0,3.606168446026097,breakout,돌파,43863.99057713875,40057.74057713875,8.677391067067573,pullback,눌림목,39512.5,37536.875,5.0,1,1648683550.0,-8267451550.0,2026-01-30 18:18,1,,0
40,006800,미래에셋증권,KOSPI,24242915128500,"유가증권매매,유가증권위탁매매,유가증권인수",42750.0,40335.0,25.0,5.0,20.0,9,9.0,68.0,5.649122807017544,100.0,71.97310173582484,B,31452.5,25884.0,35429.08186423432,False,False,"{""trend_ma20"": 5, ""trend_ma50"": 5, ""trend_ma200"": 5, ""trend_align_20_50"": 3, ""trend_align_50_200"": 2, ""trend_adx"": 5, ""pat_setup_b"": 5, ""vol_explosion"": 5, ""vol_dryup"": 7, ""vol_today"": 8, ""risk_deduction"": -1}",13530.0,oneil,오닐,42750.0,40335.0,5.649122807017544,breakout,돌파,43605.0,39982.5,8.307533539731683,pullback,눌림목,31452.5,28554.5,9.213893967093236,1,201183800.0,20463382350.0,2026-01-30 18:19,1,,0
41,282330,BGF리테일,KOSPI,2098266188400,체인화 편의점,121400.0,118349.25,23.0,15.0,11.0,8,10.0,67.0,4.424483961624189,48.739495798319325,51.44874942957116,B,111745.0,110660.0,118855.68656143648,True,False,"{""trend_ma20"": 5, ""trend_ma50"": 5, ""trend_ma200"": 5, ""trend_align_20_50"": 3, ""trend_adx"": 5, ""pat_door_knock"": 10, ""pat_setup_b"": 5, ""vol_dryup"": 3, ""vol_today"": 8, ""risk_safe"": 10}",99700.0,breakout,돌파,123828.0,118349.25,4.424483961624189,oneil,오닐,121400.0,117747.5,3.0086490939044483,pullback,눌림목,111745.0,107362.0,3.922323146449506,3,3054129700.0,-660382100.0,2026-01-30 18:19,1,,0
42,001440,대한전선,KOSPI,5481550620000,"전력선,통신케이블,적산계기,스텐레스압연제품,광케이블,초고압선,알루미늄 제조,도매/전기공사",29400.0,27543.0,25.0,15.0,20.0,2,5.0,67.0,8.15326130452181,44.53781512605042,59.46920111517597,B,26760.0,24394.0,28463.702620221866,True,False,"{""trend_ma20"": 5, ""trend_ma50"": 5, ""trend_ma200"": 5, ""trend_align_20_50"": 3, ""trend_align_50_200"": 2, ""trend_adx"": 5, ""pat_door_knock"": 10, ""pat_setup_b"": 5, ""vol_explosion"": 5, ""vol_dryup"": 7, ""vol_today"": 8, ""risk_deduction"": -5}",15960.0,breakout,돌파,29988.0,27543.0,8.15326130452181,oneil,오닐,29400.0,27770.0,5.5442176870748305,pullback,눌림목,26760.0,24804.0,7.309417040358744,1,-14870296250.0,-3997637050.0,2026-01-30 18:18,1,,0
43,032640,LG유플러스,KOSPI,6877253680000,"개인휴대통신서비스,음성서비스,데이터서비스,부가통신/단말기 도소매/프로그램 개발,자료제공",16000.0,15629.0,22.0,10.0,13.0,12,10.0,67.0,2.31875,72.26890756302521,41.22854067694425,-,15176.5,15204.4,16115.236641827076,True,False,"{""trend_ma20"": 5, ""trend_ma50"": 5, ""trend_ma200"": 5, ""trend_align_50_200"": 2, ""trend_adx"": 5, ""pat_door_knock"": 10, ""vol_explosion"": 5, ""vol_today"": 8, ""risk_safe"": 10}",14800.0,oneil,Pocket Pivot,16000.0,15629.0,2.31875,breakout,돌파,16115.236641827076,15464.986641827076,4.035001250383609,pullback,눌림목,15176.5,14800.0,2.48080914571871,4,10359129060.0,1949776470.0,2026-01-30 18:20,1,,0
44,030190,NICE평가정보,KOSPI,1020936762910,"개인 및 기업정보, 솔루션",17330.0,17421.36749573168,21.0,20.0,10.0,6,10.0,67.0,4.423233042874625,5.042016806722689,39.000433924077655,R,16493.5,16923.6,18227.61749573168,True,True,"{""trend_ma20"": 5, ""trend_ma50"": 5, ""trend_ma200"": 5, ""trend_align_50_200"": 2, ""trend_adx"": 4, ""pat_door_knock"": 10, ""pat_squeeze"": 10, ""vol_dryup"": 5, ""vol_today"": 5, ""risk_safe"": 10}",15520.0,breakout,돌파,18227.61749573168,17421.36749573168,4.423233042874625,oneil,오닐,17330.0,16844.0,2.8043854587420656,pullback,눌림목,16493.5,15848.5,3.910631460878528,1,-193410330.0,773089210.0,2026-01-30 18:19,1,,0
45,131290,티에스이,KOSDAQ,866109890700,"Probe Card, Test Interface Board, LED Test Equipment",78300.0,74710.0,25.0,10.0,16.0,6,10.0,67.0,4.58492975734355,76.47058823529412,53.293377008096854,-,67975.0,60957.0,75753.73598897159,True,False,"{""trend_ma20"": 5, ""trend_ma50"": 5, ""trend_ma200"": 5, ""trend_align_20_50"": 3, ""trend_align_50_200"": 2, ""trend_adx"": 5, ""pat_door_knock"": 10, ""vol_explosion"": 5, ""vol_dryup"": 3, ""vol_today"": 8, ""risk_safe"": 10}",61300.0,oneil,Inside Day,78300.0,74710.0,4.58492975734355,breakout,돌파,79866.0,72516.0,9.202914882428068,pullback,눌림목,67975.0,62095.0,8.65023905847738,1,-3302822300.0,10550836400.0,2026-01-30 18:19,1,,0
46,002790,아모레퍼시픽홀딩스,KOSPI,2280449766000,지주회사,28700.0,28384.429587369523,19.0,20.0,8.0,11,9.0,67.0,5.493695144767723,14.285714285714286,23.768539206957552,R,26995.0,27625.0,30034.429587369523,True,True,"{""trend_ma20"": 5, ""trend_ma50"": 5, ""trend_ma200"": 5, ""trend_align_50_200"": 2, ""trend_adx"": 2, ""pat_door_knock"": 10, ""pat_squeeze"": 10, ""vol_explosion"": 5, ""vol_today"": 3, ""risk_deduction"": -1}",25200.0,breakout,돌파,30034.429587369523,28384.429587369523,5.493695144767723,oneil,오닐,28700.0,27655.0,3.6411149825783973,pullback,눌림목,26995.0,25675.0,4.88979440637155,5,11427568650.0,-2053995800.0,2026-01-30 18:19,1,,0
47,103590,일진전기,KOSPI,3194921130000,기타,67000.0,63472.5,24.0,15.0,16.0,4,7.0,66.0,7.122475856014048,22.689075630252102,33.05826852285684,B,62580.0,57980.0,66319.73366527626,True,False,"{""trend_ma20"": 5, ""trend_ma50"": 5, ""trend_ma200"": 5, ""trend_align_20_50"": 3, ""trend_align_50_200"": 2, ""trend_adx"": 4, ""pat_door_knock"": 10, ""pat_setup_b"": 5, ""vol_explosion"": 5, ""vol_dryup"": 3, ""vol_today"": 8, ""risk_deduction"": -3}",55300.0,breakout,돌파,68340.0,63472.5,7.122475856014048,oneil,오닐,67000.0,63755.0,4.843283582089553,pullback,눌림목,62580.0,58686.0,6.222435282837967,0,-3044281600.0,10757165500.0,2026-01-30 18:19,1,,0
48,195870,해성디에스,KOSPI,1096500000000,반도체 패키지용 Substrate,64500.0,59482.5,23.0,15.0,18.0,7,3.0,66.0,9.587323301413589,8.403361344537815,26.454554781000013,B,54310.0,53547.0,60726.17926286532,False,True,"{""trend_ma20"": 5, ""trend_ma50"": 5, ""trend_ma200"": 5, ""trend_align_20_50"": 3, ""trend_align_50_200"": 2, ""trend_adx"": 3, ""pat_squeeze"": 10, ""pat_setup_b"": 5, ""vol_explosion"": 5, ""vol_dryup"": 5, ""vol_today"": 8, ""risk_deduction"": -7}",19990.0,breakout,돌파,65790.0,59482.5,9.587323301413589,oneil,오닐,64500.0,60295.0,6.51937984496124,pullback,눌림목,54310.0,49264.0,9.2911066102007,0,7732796300.0,12924242100.0,2026-01-30 18:19,1,,0
49,229640,LS에코에너지,KOSPI,1263276258750,기타,41250.0,39235.859803169835,23.0,20.0,6.0,9,8.0,66.0,6.4384038211514465,9.243697478991596,40.715666745739604,R,37992.5,36586.0,41935.859803169835,True,True,"{""trend_ma20"": 5, ""trend_ma50"": 5, ""trend_ma200"": 5, ""trend_align_20_50"": 3, ""trend_adx"": 5, ""pat_door_knock"": 10, ""pat_squeeze"": 10, ""vol_dryup"": 3, ""vol_today"": 3, ""risk_deduction"": -2}",39200.0,breakout,돌파,41935.859803169835,39235.859803169835,6.4384038211514465,oneil,오닐,41250.0,39815.0,3.478787878787879,pullback,눌림목,37992.5,36092.875,5.0,2,3050913500.0,5508185500.0,2026-01-30 18:19,1,,0
50,003540,대신증권,KOSPI,1589207420000,"유가증권 위탁매매,인수주선,자기매매 기타 금융서비스",31300.0,30321.0,25.0,10.0,13.0,9,9.0,66.0,5.027250516820147,40.33613445378151,42.42475945941622,-,27722.5,27490.0,29978.654860525425,True,False,"{""trend_ma20"": 5, ""trend_ma50"": 5, ""trend_ma200"": 5, ""trend_align_20_50"": 3, ""trend_align_50_200"": 2, ""trend_adx"": 5, ""pat_door_knock"": 10, ""vol_explosion"": 5, ""vol_today"": 8, ""risk_deduction"": -1}",27600.0,breakout,돌파,31926.0,30321.0,5.027250516820147,pullback,눌림목,27722.5,27600.0,0.4418793398863739,oneil,오닐,31300.0,30230.0,3.4185303514377,1,10573650550.0,5479783050.0,2026-01-30 18:19,1,,0
51,004990,롯데지주,KOSPI,3294150041800,지주회사,31400.0,30837.515716067843,25.0,10.0,10.0,12,9.0,66.0,5.286594753039297,64.70588235294117,53.12488491575961,-,28162.5,28160.0,32558.765716067843,True,False,"{""trend_ma20"": 5, ""trend_ma50"": 5, ""trend_ma200"": 5, ""trend_align_20_50"": 3, ""trend_align_50_200"": 2, ""trend_adx"": 5, ""pat_door_knock"": 10, ""vol_explosion"": 5, ""vol_today"": 5, ""risk_deduction"": -1}",26950.0,breakout,돌파,32558.765716067843,30837.515716067843,5.286594753039297,oneil,오닐,31400.0,30252.5,3.6544585987261144,pullback,눌림목,28162.5,26950.0,4.305370616955171,3,6286114450.0,5947270600.0,2026-01-30 18:20,1,,0
52,003550,LG,KOSPI,14142119344500,지주회사,91700.0,90430.0,25.0,10.0,10.0,11,10.0,66.0,1.3849509269356597,45.378151260504204,51.78916231895976,-,86520.0,83484.0,90975.44111987494,True,False,"{""trend_ma20"": 5, ""trend_ma50"": 5, ""trend_ma200"": 5, ""trend_align_20_50"": 3, ""trend_align_50_200"": 2, ""trend_adx"": 5, ""pat_door_knock"": 10, ""vol_explosion"": 5, ""vol_today"": 5, ""risk_safe"": 10}",85800.0,oneil,Inside Day,91700.0,90430.0,1.3849509269356597,breakout,돌파,93534.0,88741.5,5.123805247289756,pullback,눌림목,86520.0,85800.0,0.8321775312066574,5,29781859700.0,-3300051600.0,2026-01-30 18:20,1,,0
53,005290,동진쎄미켐,KOSDAQ,2879211664000,"반도체,LCD용재료(감광제,봉지제),발포제",56000.0,53418.75,25.0,5.0,16.0,9,10.0,65.0,4.609375,60.50420168067227,56.78010676611601,B,42395.0,38956.0,46611.11070858954,False,False,"{""trend_ma20"": 5, ""trend_ma50"": 5, ""trend_ma200"": 5, ""trend_align_20_50"": 3, ""trend_align_50_200"": 2, ""trend_adx"": 5, ""pat_setup_b"": 5, ""vol_explosion"": 5, ""vol_dryup"": 3, ""vol_today"": 8, ""risk_safe"": 10}",36150.0,oneil,Pocket Pivot,56000.0,53418.75,4.609375,breakout,돌파,57120.0,53248.125,6.778492647058823,pullback,눌림목,42395.0,39297.5,7.306286118646067,1,1720804300.0,63196542350.0,2026-01-30 18:19,1,,0
54,232140,와이씨,KOSDAQ,1618754755500,메모리 웨이퍼 테스터,19730.0,18637.5,24.0,5.0,20.0,7,9.0,65.0,5.5372529143436395,73.94957983193277,33.07907259813419,B,15962.0,14671.2,17560.705754031358,False,False,"{""trend_ma20"": 5, ""trend_ma50"": 5, ""trend_ma200"": 5, ""trend_align_20_50"": 3, ""trend_align_50_200"": 2, ""trend_adx"": 4, ""pat_setup_b"": 5, ""vol_explosion"": 5, ""vol_dryup"": 7, ""vol_today"": 8, ""risk_deduction"": -1}",12060.0,oneil,Pocket Pivot,19730.0,18637.5,5.5372529143436395,breakout,돌파,20124.6,18485.85,8.143018991681823,pullback,눌림목,15962.0,14651.0,8.213256484149856,0,19330296430.0,27551114080.0,2026-01-30 18:19,1,,0
55,214320,이노션,KOSPI,760400000000,광고대행 및 광고물의 제작 등,19010.0,18959.241677582984,20.0,20.0,10.0,5,10.0,65.0,2.231591304261213,11.764705882352942,44.605053939780184,R,18474.0,18525.8,19391.991677582984,True,True,"{""trend_ma20"": 5, ""trend_ma50"": 5, ""trend_ma200"": 5, ""trend_adx"": 5, ""pat_door_knock"": 10, ""pat_squeeze"": 10, ""vol_explosion"": 5, ""vol_dryup"": 5, ""risk_safe"": 10}",18780.0,breakout,돌파,19391.991677582984,18959.241677582984,2.231591304261213,pullback,눌림목,18474.0,17550.3,5.0000000000000036,oneil,오닐,19010.0,18721.5,1.5176223040504997,1,1900968590.0,-948189190.0,2026-01-30 18:19,1,,0
56,090460,비에이치,KOSPI,615235568500,FPCB (연성인쇄회로기판),18250.0,17937.299300545314,20.0,15.0,16.0,5,9.0,65.0,5.1516138869273265,46.21848739495798,27.94139356306344,B,16709.5,17164.4,18911.549300545314,True,False,"{""trend_ma20"": 5, ""trend_ma50"": 5, ""trend_ma200"": 5, ""trend_align_50_200"": 2, ""trend_adx"": 3, ""pat_door_knock"": 10, ""pat_setup_b"": 5, ""vol_explosion"": 5, ""vol_dryup"": 3, ""vol_today"": 8, ""risk_deduction"": -1}",14610.0,breakout,돌파,18911.549300545314,17937.299300545314,5.1516138869273265,oneil,오닐,18250.0,17600.5,3.558904109589041,pullback,눌림목,16709.5,15930.1,4.6644124599778545,2,9333406340.0,-1979547910.0,2026-01-30 18:19,1,,0
57,004800,효성,KOSPI,2557934189600,"스판덱스,합성원사,나일론,폴리에스터,타이어코드지,PET병,수지제품,중전기제품(변압기,차단기),사무용기계,컴퓨터 제조/건축공사",152800.0,143632.0,25.0,10.0,10.0,11,9.0,65.0,6.0,42.016806722689076,68.4468911085165,-,140790.0,132484.0,160192.05959519575,True,False,"{""trend_ma20"": 5, ""trend_ma50"": 5, ""trend_ma200"": 5, ""trend_align_20_50"": 3, ""trend_align_50_200"": 2, ""trend_adx"": 5, ""pat_door_knock"": 10, ""vol_explosion"": 5, ""vol_dryup"": 5, ""risk_deduction"": -1}",61900.0,oneil,Inside Day,152800.0,143632.0,6.0,breakout,돌파,160192.05959519575,147944.55959519575,7.645510040228803,pullback,눌림목,140790.0,130992.0,6.959301086724909,5,8098718800.0,-1390517600.0,2026-01-30 18:20,1,,0
58,192080,더블유게임즈,KOSPI,1132780538000,모바일게임,53500.0,55500.0,19.0,20.0,8.0,8,10.0,65.0,0.19511688933992355,0.0,38.00619213711214,R,52390.0,53134.0,55608.50157848849,True,True,"{""trend_ma20"": 5, ""trend_ma50"": 5, ""trend_ma200"": 5, ""trend_adx"": 4, ""pat_door_knock"": 10, ""pat_squeeze"": 10, ""vol_today"": 8, ""risk_safe"": 10}",55500.0,breakout,돌파,55608.50157848849,53628.50157848849,3.5606066407046297,pullback,눌림목,52390.0,49770.5,5.0,oneil,오닐,53500.0,52180.0,2.4672897196261685,4,3493189500.0,-2953277700.0,2026-01-30 18:19,1,,0
59,120110,코오롱인더,KOSPI,1513550005000,"산업자재, 화학, 필름",55000.0,52462.5,24.0,5.0,16.0,9,10.0,64.0,4.613636363636363,42.857142857142854,34.0359226925798,B,45857.5,44756.0,51747.442280491516,False,False,"{""trend_ma20"": 5, ""trend_ma50"": 5, ""trend_ma200"": 5, ""trend_align_20_50"": 3, ""trend_align_50_200"": 2, ""trend_adx"": 4, ""pat_setup_b"": 5, ""vol_explosion"": 5, ""vol_dryup"": 3, ""vol_today"": 8, ""risk_safe"": 10}",39550.0,oneil,오닐,55000.0,52462.5,4.613636363636363,pullback,눌림목,45857.5,42812.5,6.640135201439241,breakout,돌파,56100.0,52293.75,6.7847593582887695,2,790816200.0,5168604800.0,2026-01-30 18:20,1,,0
60,064350,현대로템,KOSPI,25157298536500,"철도차량, 특수중기, 산업기계",230500.0,217650.0,25.0,15.0,8.0,9,7.0,64.0,7.4263110884266945,45.378151260504204,52.72337447380266,B,215640.0,195436.0,230019.99782140463,True,False,"{""trend_ma20"": 5, ""trend_ma50"": 5, ""trend_ma200"": 5, ""trend_align_20_50"": 3, ""trend_align_50_200"": 2, ""trend_adx"": 5, ""pat_door_knock"": 10, ""pat_setup_b"": 5, ""vol_today"": 8, ""risk_deduction"": -3}",57200.0,breakout,돌파,235110.0,217650.0,7.4263110884266945,oneil,오닐,230500.0,218860.0,5.049891540130152,pullback,눌림목,215640.0,201672.0,6.477462437395659,2,51646617000.0,21686883000.0,2026-01-30 18:20,1,,0
61,161580,필옵틱스,KOSDAQ,1291831634400,디스플레이 및 반도체 제조공정용 제작,55200.0,52367.5,23.0,5.0,18.0,9,9.0,64.0,5.131340579710145,20.168067226890756,26.90470733288654,B,46015.0,44162.0,52477.77854902332,False,False,"{""trend_ma20"": 5, ""trend_ma50"": 5, ""trend_ma200"": 5, ""trend_align_20_50"": 3, ""trend_align_50_200"": 2, ""trend_adx"": 3, ""pat_setup_b"": 5, ""vol_explosion"": 5, ""vol_dryup"": 5, ""vol_today"": 8, ""risk_deduction"": -1}",43650.0,oneil,Pocket Pivot,55200.0,52367.5,5.131340579710145,pullback,눌림목,46015.0,43650.0,5.139628382049332,breakout,돌파,56304.0,52055.25,7.546089087809037,2,11937852400.0,41886893900.0,2026-01-30 18:20,1,,0
62,039440,에스티아이,KOSDAQ,588492433650,"Chemical 중앙공급시스템(C.C.S.S), 세정·식각시스템",37950.0,36127.5,20.0,5.0,20.0,9,10.0,64.0,4.8023715415019765,91.59663865546219,18.770721869230112,B,31652.5,29444.0,35905.655546585534,False,False,"{""trend_ma20"": 5, ""trend_ma50"": 5, ""trend_ma200"": 5, ""trend_align_20_50"": 3, ""trend_align_50_200"": 2, ""pat_setup_b"": 5, ""vol_explosion"": 5, ""vol_dryup"": 7, ""vol_today"": 8, ""risk_safe"": 10}",26000.0,oneil,Pocket Pivot,37950.0,36127.5,4.8023715415019765,pullback,눌림목,31652.5,29465.5,6.909406839902061,breakout,돌파,38709.0,35975.25,7.062311090444083,1,2706849800.0,1086883300.0,2026-01-30 18:19,1,,0
63,016610,DB증권,KOSPI,574724107060,"유가증권,위탁매매,인수,자기매매",13540.0,12979.5,22.0,5.0,16.0,11,10.0,64.0,4.139586410635155,68.0672268907563,24.37024536850978,B,11893.0,11088.8,12552.120091312376,False,False,"{""trend_ma20"": 5, ""trend_ma50"": 5, ""trend_ma200"": 5, ""trend_align_20_50"": 3, ""trend_align_50_200"": 2, ""trend_adx"": 2, ""pat_setup_b"": 5, ""vol_explosion"": 5, ""vol_dryup"": 3, ""vol_today"": 8, ""risk_safe"": 10}",10100.0,oneil,오닐,13540.0,12979.5,4.139586410635155,pullback,눌림목,11893.0,11220.4,5.655427562431686,breakout,돌파,13810.800000000001,12970.050000000001,6.087627074463462,5,2523254900.0,-441816690.0,2026-01-30 18:20,1,,0
64,336570,원텍,KOSDAQ,919482127340,기업 인수 및 합병,10220.0,9402.4,23.0,14.0,16.0,4,7.0,64.0,8.0,15.126050420168067,53.0454135959718,A,8449.5,7888.6,9023.869523010302,False,True,"{""trend_ma20"": 5, ""trend_ma50"": 5, ""trend_ma200"": 5, ""trend_align_20_50"": 3, ""trend_adx"": 5, ""pat_squeeze"": 10, ""pat_setup_a"": 4, ""vol_explosion"": 5, ""vol_dryup"": 3, ""vol_today"": 8, ""risk_deduction"": -3}",10370.0,oneil,Pocket Pivot,10220.0,9847.0,3.649706457925636,breakout,돌파,10424.4,9864.9,5.367215379302406,pullback,눌림목,8449.5,8027.025,5.000000000000004,0,-12230068710.0,14352106750.0,2026-01-30 18:19,1,,0
65,007070,GS리테일,KOSPI,1851904242250,"체인화 편의점,슈퍼마켓,마트,전자상거래/부동산(빌딩) 임대",22150.0,21450.0,21.0,15.0,13.0,5,10.0,64.0,3.160270880361174,43.69747899159664,34.26981636004676,B,20732.5,21382.2,23255.75372014079,True,False,"{""trend_ma20"": 5, ""trend_ma50"": 5, ""trend_ma200"": 5, ""trend_align_50_200"": 2, ""trend_adx"": 4, ""pat_door_knock"": 10, ""pat_setup_b"": 5, ""vol_explosion"": 5, ""vol_today"": 8, ""risk_safe"": 10}",15650.0,oneil,Pocket Pivot,22150.0,21450.0,3.160270880361174,breakout,돌파,23255.75372014079,22205.75372014079,4.5150116940335545,pullback,눌림목,20732.5,19892.5,4.051609791390329,1,2183262250.0,-30341600.0,2026-01-30 18:19,1,,0
66,211050,인카금융서비스,KOSDAQ,780336326880,보험 판매,15840.0,15099.24478976853,22.0,10.0,18.0,6,8.0,64.0,6.441021365298565,90.75630252100841,45.30077356738209,-,13125.5,13789.8,16138.74478976853,True,False,"{""trend_ma20"": 5, ""trend_ma50"": 5, ""trend_ma200"": 5, ""trend_align_50_200"": 2, ""trend_adx"": 5, ""pat_door_knock"": 10, ""vol_explosion"": 5, ""vol_dryup"": 5, ""vol_today"": 8, ""risk_deduction"": -2}",11940.0,breakout,돌파,16138.74478976853,15099.24478976853,6.441021365298565,oneil,오닐,15840.0,15147.0,4.375,pullback,눌림목,13125.5,12293.9,6.335758637766182,1,-5819063310.0,13751203750.0,2026-01-30 18:19,1,,0
67,084370,유진테크,KOSDAQ,2543680662000,실리콘질화막증착용LP-CVD,111000.0,103885.0,24.0,5.0,20.0,6,8.0,63.0,6.40990990990991,34.45378151260504,34.999223025724056,B,87050.0,81236.0,103462.71472893984,False,False,"{""trend_ma20"": 5, ""trend_ma50"": 5, ""trend_ma200"": 5, ""trend_align_20_50"": 3, ""trend_align_50_200"": 2, ""trend_adx"": 4, ""pat_setup_b"": 5, ""vol_explosion"": 5, ""vol_dryup"": 7, ""vol_today"": 8, ""risk_deduction"": -2}",32800.0,oneil,오닐,111000.0,103885.0,6.40990990990991,breakout,돌파,113220.0,102547.5,9.42633810280869,pullback,눌림목,87050.0,78512.0,9.808156232050544,2,-2238178000.0,49900721500.0,2026-01-30 18:19,1,,0
68,161390,한국타이어앤테크놀로지,KOSPI,7866066881500,타이어 제조,63500.0,63779.05593455536,25.0,10.0,11.0,8,9.0,63.0,5.595104827488555,13.445378151260504,48.69614881368592,-,61835.0,60620.0,67559.05593455536,False,True,"{""trend_ma20"": 5, ""trend_ma50"": 5, ""trend_ma200"": 5, ""trend_align_20_50"": 3, ""trend_align_50_200"": 2, ""trend_adx"": 5, ""pat_squeeze"": 10, ""vol_explosion"": 5, ""vol_dryup"": 3, ""vol_today"": 3, ""risk_deduction"": -1}",60900.0,breakout,돌파,67559.05593455536,63779.05593455536,5.595104827488555,oneil,Inside Day,63500.0,59690.0,6.0,pullback,눌림목,61835.0,60900.0,1.5120886229481685,4,5080975500.0,-5065088600.0,2026-01-30 18:20,1,,0
69,042700,한미반도체,KOSPI,20110874200000,"반도체 후공정장비,반도체금형 제조/부동산 매매,임대",211000.0,198715.0,25.0,0.0,20.0,9,9.0,63.0,5.822274881516588,74.78991596638656,42.596159266485536,-,179035.0,145320.0,196526.91000522455,False,False,"{""trend_ma20"": 5, ""trend_ma50"": 5, ""trend_ma200"": 5, ""trend_align_20_50"": 3, ""trend_align_50_200"": 2, ""trend_adx"": 5, ""vol_explosion"": 5, ""vol_dryup"": 7, ""vol_today"": 8, ""risk_deduction"": -1}",164700.0,oneil,오닐,211000.0,198715.0,5.822274881516588,pullback,눌림목,179035.0,164700.0,8.006814310051109,breakout,돌파,215220.0,196792.5,8.562168943406746,2,83319591000.0,41373787300.0,2026-01-30 18:20,1,,0
70,003670,포스코퓨처엠,KOSPI,19879480170000,"내화물, 생석회, 음극재 및 양극재",223500.0,216501.96692275393,22.0,20.0,5.0,9,7.0,63.0,7.501298807022601,13.445378151260504,46.24293595828011,R,202190.0,202952.0,234059.46692275393,True,True,"{""trend_ma20"": 5, ""trend_ma50"": 5, ""trend_ma200"": 5, ""trend_align_50_200"": 2, ""trend_adx"": 5, ""pat_door_knock"": 10, ""pat_squeeze"": 10, ""vol_today"": 5, ""risk_deduction"": -3}",137700.0,breakout,돌파,234059.46692275393,216501.96692275393,7.501298807022601,oneil,오닐,223500.0,218950.0,2.0357941834451903,pullback,눌림목,202190.0,188144.0,6.9469311044067465,2,8932472000.0,2282334000.0,2026-01-30 18:20,1,,0
71,086450,동국제약,KOSDAQ GLOBAL,849879591800,"인사돌, 복합마데카솔, 파미레이",18790.0,18847.36008345317,21.0,15.0,13.0,4,10.0,63.0,3.1562136810163164,63.02521008403362,34.82272792259256,B,17203.0,17839.0,19461.61008345317,True,False,"{""trend_ma20"": 5, ""trend_ma50"": 5, ""trend_ma200"": 5, ""trend_align_50_200"": 2, ""trend_adx"": 4, ""pat_door_knock"": 10, ""pat_setup_b"": 5, ""vol_explosion"": 5, ""vol_today"": 8, ""risk_safe"": 10}",17600.0,breakout,돌파,19461.61008345317,18847.36008345317,3.1562136810163164,oneil,오닐,18790.0,18380.5,2.1793507184672696,pullback,눌림목,17203.0,16342.849999999999,5.000000000000009,0,-2536035200.0,16612853460.0,2026-01-30 18:19,1,,0
72,033100,제룡전기,KOSDAQ,784648679650,"송배전용금구류,변압기",48850.0,46915.0,25.0,5.0,13.0,9,10.0,62.0,3.961105424769703,78.15126050420169,46.645928545103956,B,39747.5,37269.0,42664.25827526844,False,False,"{""trend_ma20"": 5, ""trend_ma50"": 5, ""trend_ma200"": 5, ""trend_align_20_50"": 3, ""trend_align_50_200"": 2, ""trend_adx"": 5, ""pat_setup_b"": 5, ""vol_explosion"": 5, ""vol_today"": 8, ""risk_safe"": 10}",36150.0,oneil,Pocket Pivot,48850.0,46915.0,3.961105424769703,breakout,돌파,49827.0,46924.5,5.825155036426034,pullback,눌림목,39747.5,37425.5,5.841876847600478,2,609571700.0,18448280700.0,2026-01-30 18:20,1,,0
73,458870,씨어스테크놀로지,KOSDAQ,2078470908000,심전도검사솔루션 입원환자모니터링솔루션,164100.0,151219.5,25.0,20.0,12.0,2,3.0,62.0,9.656056206760583,0.0,41.242253533887336,R,136210.0,127834.0,159855.42874392445,True,True,"{""trend_ma20"": 5, ""trend_ma50"": 5, ""trend_ma200"": 5, ""trend_align_20_50"": 3, ""trend_align_50_200"": 2, ""trend_adx"": 5, ""pat_door_knock"": 10, ""pat_squeeze"": 10, ""vol_explosion"": 5, ""vol_dryup"": 7, ""risk_deduction"": -7}",103600.0,breakout,돌파,167382.0,151219.5,9.656056206760583,oneil,오닐,164100.0,153325.0,6.566118220597198,pullback,눌림목,136210.0,123280.0,9.492695103149549,2,-2038922200.0,-2496467500.0,2026-01-30 18:19,1,,0
74,267260,HD현대일렉트릭,KOSPI,32045903015000,"변압기, 고압차단기, 회전기, 배전반 등",889000.0,845000.0,25.0,20.0,5.0,2,10.0,62.0,4.949381327334083,7.563025210084033,48.72924079566376,R,883750.0,835000.0,929210.5222283707,True,True,"{""trend_ma20"": 5, ""trend_ma50"": 5, ""trend_ma200"": 5, ""trend_align_20_50"": 3, ""trend_align_50_200"": 2, ""trend_adx"": 5, ""pat_door_knock"": 10, ""pat_squeeze"": 10, ""vol_explosion"": 5, ""risk_safe"": 10}",845000.0,oneil,Inside Day,889000.0,835660.0,6.0,breakout,돌파,929210.5222283707,864710.5222283707,6.9413764111625005,pullback,눌림목,883750.0,845000.0,4.384724186704385,1,-7974483000.0,-21745737000.0,2026-01-30 18:19,1,,0
75,093050,LF,KOSPI,562870000000,"기성복, 의류, 잡화, 제조",19250.0,18720.5,22.0,10.0,20.0,0,10.0,62.0,2.7506493506493506,58.8235294117647,51.84070952118963,-,17644.0,18063.0,19436.56072689847,True,False,"{""trend_ma20"": 5, ""trend_ma50"": 5, ""trend_ma200"": 5, ""trend_align_50_200"": 2, ""trend_adx"": 5, ""pat_door_knock"": 10, ""vol_explosion"": 5, ""vol_dryup"": 7, ""vol_today"": 8, ""risk_safe"": 10}",17040.0,oneil,Pocket Pivot,19250.0,18720.5,2.7506493506493506,breakout,돌파,19436.56072689847,18642.31072689847,4.086371098055577,pullback,눌림목,17644.0,17040.0,3.4232600317388346,0,-103869210.0,-486102130.0,2026-01-30 18:19,1,,0
76,080220,제주반도체,KOSDAQ,1491374668900,"모바일용 LP DDR SDRAM, CRAM, SRAM",43300.0,40400.0,25.0,5.0,20.0,4,8.0,62.0,6.697459584295612,100.0,50.20858633850982,B,31857.5,24536.4,36408.214092802555,False,False,"{""trend_ma20"": 5, ""trend_ma50"": 5, ""trend_ma200"": 5, ""trend_align_20_50"": 3, ""trend_align_50_200"": 2, ""trend_adx"": 5, ""pat_setup_b"": 5, ""vol_explosion"": 5, ""vol_dryup"": 7, ""vol_today"": 8, ""risk_deduction"": -2}",26700.0,oneil,Pocket Pivot,43300.0,40400.0,6.697459584295612,breakout,돌파,44166.0,39816.0,9.84920527102296,pullback,눌림목,31857.5,28377.5,10.92364435376285,0,-42656563450.0,46996029850.0,2026-01-30 18:19,1,,0
77,033240,자화전자,KOSPI,652699080000,"Bonded magenet,플라스틱자성제품,티탄산 바륨계 반도체소자,휴대전화용 Vibration Motor,전자관,전자부품 제조",30000.0,28230.0,23.0,5.0,20.0,5,9.0,62.0,5.8999999999999995,89.07563025210084,29.349326690665855,B,24527.5,22452.0,28151.824048197217,False,False,"{""trend_ma20"": 5, ""trend_ma50"": 5, ""trend_ma200"": 5, ""trend_align_20_50"": 3, ""trend_align_50_200"": 2, ""trend_adx"": 3, ""pat_setup_b"": 5, ""vol_explosion"": 5, ""vol_dryup"": 7, ""vol_today"": 8, ""risk_deduction"": -1}",23400.0,oneil,Pocket Pivot,30000.0,28230.0,5.8999999999999995,pullback,눌림목,24527.5,23400.0,4.596881051880542,breakout,돌파,30600.0,27945.0,8.676470588235293,1,1230893300.0,-1141018800.0,2026-01-30 18:19,1,,0
78,006730,서부T&D,KOSDAQ,1142064575570,석유류판매,17590.0,16720.5,25.0,5.0,16.0,6,10.0,62.0,4.943149516770893,92.43697478991596,57.18995227382955,B,13917.0,12899.4,15930.077020138295,False,False,"{""trend_ma20"": 5, ""trend_ma50"": 5, ""trend_ma200"": 5, ""trend_align_20_50"": 3, ""trend_align_50_200"": 2, ""trend_adx"": 5, ""pat_setup_b"": 5, ""vol_explosion"": 5, ""vol_dryup"": 3, ""vol_today"": 8, ""risk_safe"": 10}",10190.0,oneil,Pocket Pivot,17590.0,16720.5,4.943149516770893,breakout,돌파,17941.8,16637.55,7.269337524663078,pullback,눌림목,13917.0,12873.6,7.497305453761584,1,-2603272640.0,14534932660.0,2026-01-30 18:19,1,,0
79,214150,클래시스,KOSDAQ GLOBAL,4867070463700,미용의료기기,74300.0,71060.0,25.0,5.0,16.0,6,10.0,62.0,4.360699865410498,100.0,62.05640630193228,B,60975.0,57924.0,66951.51860146066,False,False,"{""trend_ma20"": 5, ""trend_ma50"": 5, ""trend_ma200"": 5, ""trend_align_20_50"": 3, ""trend_align_50_200"": 2, ""trend_adx"": 5, ""pat_setup_b"": 5, ""vol_explosion"": 5, ""vol_dryup"": 3, ""vol_today"": 8, ""risk_safe"": 10}",57800.0,oneil,Inside Day,74300.0,71060.0,4.360699865410498,pullback,눌림목,60975.0,57800.0,5.207052070520706,breakout,돌파,75786.0,70926.0,6.41279391972132,2,-13147701200.0,67797042100.0,2026-01-30 18:19,1,,0
80,001120,LX인터내셔널,KOSPI,1482570000000,"전자,기계,화공,유류.금속,의류 수출입,도소매",38250.0,37076.25,25.0,10.0,11.0,6,10.0,62.0,4.969242599000385,98.31932773109244,59.44189946195714,-,35050.0,33326.0,37255.96579213569,True,False,"{""trend_ma20"": 5, ""trend_ma50"": 5, ""trend_ma200"": 5, ""trend_align_20_50"": 3, ""trend_align_50_200"": 2, ""trend_adx"": 5, ""pat_door_knock"": 10, ""vol_explosion"": 5, ""vol_dryup"": 3, ""vol_today"": 3, ""risk_safe"": 10}",35000.0,breakout,돌파,39015.0,37076.25,4.969242599000385,pullback,눌림목,35050.0,35000.0,0.14265335235378032,oneil,오닐,38250.0,36957.5,3.379084967320262,1,-2672651100.0,10640234700.0,2026-01-30 18:19,1,,0
81,036930,주성엔지니어링,KOSDAQ GLOBAL,1954545073350,LP CVD,41350.0,39195.0,23.0,5.0,20.0,4,9.0,61.0,5.211608222490931,100.0,50.86399412341391,B,33580.0,30300.0,36404.70242209615,False,False,"{""trend_ma20"": 5, ""trend_ma50"": 5, ""trend_ma200"": 5, ""trend_align_20_50"": 3, ""trend_adx"": 5, ""pat_setup_b"": 5, ""vol_explosion"": 5, ""vol_dryup"": 7, ""vol_today"": 8, ""risk_deduction"": -1}",30700.0,oneil,오닐,41350.0,39195.0,5.211608222490931,breakout,돌파,42177.0,38944.5,7.664129738957251,pullback,눌림목,33580.0,30994.0,7.701012507444907,0,-11345450750.0,77591009450.0,2026-01-30 18:19,1,,0
82,053800,안랩,KOSDAQ,741025299600,바이러스백신 프로그램,66600.0,65787.0,20.0,10.0,17.0,4,10.0,61.0,3.1575693340399225,57.983193277310924,63.111307773458904,-,61480.0,61504.0,65201.83938744469,True,False,"{""trend_ma20"": 5, ""trend_ma50"": 5, ""trend_ma200"": 5, ""trend_adx"": 5, ""pat_door_knock"": 10, ""vol_explosion"": 5, ""vol_dryup"": 7, ""vol_today"": 5, ""risk_safe"": 10}",60400.0,breakout,돌파,67932.0,65787.0,3.1575693340399225,pullback,눌림목,61480.0,60400.0,1.756668835393624,oneil,오닐,66600.0,65170.0,2.1471471471471473,0,-2559647900.0,22302198500.0,2026-01-30 18:19,1,,0
83,017940,E1,KOSPI,609168000000,"LPG(프로판,부탄가스),가스기기판매",88800.0,85482.65632694513,19.0,20.0,8.0,5,9.0,61.0,5.214272715736267,9.243697478991596,24.026631434525836,R,83020.0,84206.0,90185.15632694513,True,True,"{""trend_ma20"": 5, ""trend_ma50"": 5, ""trend_ma200"": 5, ""trend_align_50_200"": 2, ""trend_adx"": 2, ""pat_door_knock"": 10, ""pat_squeeze"": 10, ""vol_explosion"": 5, ""vol_today"": 3, ""risk_deduction"": -1}",77500.0,breakout,돌파,90185.15632694513,85482.65632694513,5.214272715736267,oneil,오닐,88800.0,85665.0,3.5304054054054053,pullback,눌림목,83020.0,79258.0,4.531438207660805,1,867544500.0,-639265200.0,2026-01-30 18:19,1,,0
84,089010,켐트로닉스,KOSDAQ,575144169600,"Touch IC 및 PBA, TG, EMC",35200.0,33690.0,23.0,10.0,18.0,0,10.0,61.0,4.2897727272727275,20.168067226890756,26.415026790088785,-,32315.0,31059.0,36078.383175744384,True,False,"{""trend_ma20"": 5, ""trend_ma50"": 5, ""trend_ma200"": 5, ""trend_align_20_50"": 3, ""trend_align_50_200"": 2, ""trend_adx"": 3, ""pat_door_knock"": 10, ""vol_explosion"": 5, ""vol_dryup"": 5, ""vol_today"": 8, ""risk_safe"": 10}",31400.0,oneil,Pocket Pivot,35200.0,33690.0,4.2897727272727275,breakout,돌파,36078.383175744384,33573.383175744384,6.943215797109555,pullback,눌림목,32315.0,31400.0,2.8315023982670584,0,-3182070500.0,-867902600.0,2026-01-30 18:19,1,,0
85,456040,OCI,KOSPI,632046147000,"폴리실리콘,타르제품,카본블랙,무수프탈산,농약원제,석탄화학제품,정밀화학제품,플라스틱창호재 제조,판매",70600.0,67407.98767301349,25.0,10.0,12.0,6,8.0,61.0,6.8699454229485095,100.0,42.21445422106633,-,66545.0,62654.0,72380.48767301349,True,False,"{""trend_ma20"": 5, ""trend_ma50"": 5, ""trend_ma200"": 5, ""trend_align_20_50"": 3, ""trend_align_50_200"": 2, ""trend_adx"": 5, ""pat_door_knock"": 10, ""vol_explosion"": 5, ""vol_dryup"": 7, ""risk_deduction"": -2}",62500.0,breakout,돌파,72380.48767301349,67407.98767301349,6.8699454229485095,pullback,눌림목,66545.0,62567.0,5.977909685175445,oneil,오닐,70600.0,66364.0,6.0,1,-27200400.0,629586200.0,2026-01-30 18:19,1,,0
86,214370,케어젠,KOSDAQ,6741232500000,"성장인자, 바이오미메틱펩타이드 기반 안면, 두피, 바디 코스메슈티컬 제품",125500.0,118670.0,25.0,5.0,18.0,4,9.0,61.0,5.442231075697211,74.78991596638656,53.97416764040241,B,82505.0,76212.0,100004.83697815148,False,False,"{""trend_ma20"": 5, ""trend_ma50"": 5, ""trend_ma200"": 5, ""trend_align_20_50"": 3, ""trend_align_50_200"": 2, ""trend_adx"": 5, ""pat_setup_b"": 5, ""vol_explosion"": 5, ""vol_dryup"": 5, ""vol_today"": 8, ""risk_deduction"": -1}",45800.0,oneil,Pocket Pivot,125500.0,118670.0,5.442231075697211,breakout,돌파,128010.0,117765.0,8.00328099367237,pullback,눌림목,82505.0,74309.0,9.933943397369855,0,-4824008400.0,84718765800.0,2026-01-30 18:19,1,,0
87,032500,케이엠더블유,KOSDAQ,774397662280,RF 부품 및 중계기,18920.0,18096.5,24.0,5.0,16.0,6,10.0,61.0,4.352536997885835,23.529411764705884,35.12601298132578,B,15845.5,15450.0,17642.394892275584,False,False,"{""trend_ma20"": 5, ""trend_ma50"": 5, ""trend_ma200"": 5, ""trend_align_20_50"": 3, ""trend_align_50_200"": 2, ""trend_adx"": 4, ""pat_setup_b"": 5, ""vol_explosion"": 5, ""vol_dryup"": 3, ""vol_today"": 8, ""risk_safe"": 10}",17190.0,oneil,오닐,18920.0,18096.5,4.352536997885835,pullback,눌림목,15845.5,15053.224999999999,5.000000000000009,breakout,돌파,19298.4,18063.15,6.400789702773286,2,-161222820.0,23297107850.0,2026-01-30 18:19,1,,0
88,263750,펄어비스,KOSDAQ GLOBAL,3674977306000,온라인게임 개발 서비스(검은사막),57200.0,54827.5,25.0,5.0,16.0,4,10.0,60.0,4.147727272727273,100.0,85.98569831984753,B,43342.5,39786.0,48932.58733885661,False,False,"{""trend_ma20"": 5, ""trend_ma50"": 5, ""trend_ma200"": 5, ""trend_align_20_50"": 3, ""trend_align_50_200"": 2, ""trend_adx"": 5, ""pat_setup_b"": 5, ""vol_explosion"": 5, ""vol_dryup"": 3, ""vol_today"": 8, ""risk_safe"": 10}",45550.0,oneil,오닐,57200.0,54827.5,4.147727272727273,pullback,눌림목,43342.5,41175.375,5.0,breakout,돌파,58344.0,54785.25,6.099598930481283,0,-40196148050.0,92121421000.0,2026-01-30 18:19,1,,0
89,042520,한스바이오메드,KOSDAQ,562533996500,"인체이식용조직(인조피부,인조뼈),의료용시술재료(가슴보형물)",39500.0,37132.5,22.0,5.0,20.0,4,9.0,60.0,5.993670886075949,36.97478991596638,40.86975225364546,B,25917.5,28861.0,36605.08081188601,False,False,"{""trend_ma20"": 5, ""trend_ma50"": 5, ""trend_ma200"": 5, ""trend_align_50_200"": 2, ""trend_adx"": 5, ""pat_setup_b"": 5, ""vol_explosion"": 5, ""vol_dryup"": 7, ""vol_today"": 8, ""risk_deduction"": -1}",11860.0,oneil,Pocket Pivot,39500.0,37132.5,5.993670886075949,breakout,돌파,40290.0,36738.75,8.814221891288161,pullback,눌림목,25917.5,23076.5,10.961705411401562,0,-5973885750.0,9572783650.0,2026-01-30 18:19,1,,0
90,450080,에코프로머티,KOSPI,4762715895000,배터리 양극재용 핵심소재 하이니켈 전구체,67500.0,64900.0,25.0,10.0,10.0,7,8.0,60.0,6.0452365640555294,49.57983193277311,49.26865940467939,-,59290.0,58624.0,69075.79523016613,True,False,"{""trend_ma20"": 5, ""trend_ma50"": 5, ""trend_ma200"": 5, ""trend_align_20_50"": 3, ""trend_align_50_200"": 2, ""trend_adx"": 5, ""pat_door_knock"": 10, ""vol_explosion"": 5, ""vol_today"": 5, ""risk_deduction"": -2}",64900.0,breakout,돌파,69075.79523016613,62760.79523016613,9.142131449891977,oneil,오닐,67500.0,64760.0,4.059259259259259,pullback,눌림목,59290.0,56325.5,5.0,0,15354864000.0,1360392100.0,2026-01-30 18:20,1,,0
91,241710,코스메카코리아,KOSDAQ,1029552000000,"화장품 OEM, ODM",96400.0,91790.0,25.0,5.0,16.0,4,10.0,60.0,4.782157676348548,88.23529411764706,42.26545961840202,B,74590.0,71670.0,83869.70308778777,False,False,"{""trend_ma20"": 5, ""trend_ma50"": 5, ""trend_ma200"": 5, ""trend_align_20_50"": 3, ""trend_align_50_200"": 2, ""trend_adx"": 5, ""pat_setup_b"": 5, ""vol_explosion"": 5, ""vol_dryup"": 3, ""vol_today"": 8, ""risk_safe"": 10}",70400.0,oneil,오닐,96400.0,91790.0,4.782157676348548,pullback,눌림목,74590.0,70400.0,5.617374983241722,breakout,돌파,98328.0,91413.0,7.032584818159629,0,-11175386100.0,21768393700.0,2026-01-30 18:19,1,,0
92,415640,KB발해인프라,KOSPI,1226680935480,기타,10010.0,9972.0,20.0,20.0,5.0,4,10.0,59.0,0.37962037962037964,0.8403361344537815,15.425947940261072,R,9934.0,9889.2,10338.64217712031,True,True,"{""trend_ma20"": 5, ""trend_ma50"": 5, ""trend_ma200"": 5, ""trend_align_20_50"": 3, ""trend_align_50_200"": 2, ""pat_door_knock"": 10, ""pat_squeeze"": 10, ""vol_dryup"": 5, ""risk_safe"": 10}",8280.0,oneil,Inside Day,10010.0,9972.0,0.37962037962037964,pullback,눌림목,9934.0,9647.2,2.8870545600966304,breakout,돌파,10338.64217712031,9980.14217712031,3.4675733414332695,0,-633071330.0,1446685790.0,2026-01-30 18:19,1,,0
93,082740,한화엔진,KOSPI,4539524524800,"대형선박용엔진,내연발전엔진",54400.0,48257.0,25.0,10.0,12.0,5,7.0,59.0,7.081929334745355,59.66386554621849,61.324358279495506,-,51935.0,46699.0,56108.93705661356,True,False,"{""trend_ma20"": 5, ""trend_ma50"": 5, ""trend_ma200"": 5, ""trend_align_20_50"": 3, ""trend_align_50_200"": 2, ""trend_adx"": 5, ""pat_door_knock"": 10, ""vol_explosion"": 5, ""vol_dryup"": 7, ""risk_deduction"": -3}",31200.0,pullback,눌림목,51935.0,48257.0,7.081929334745355,breakout,돌파,56108.93705661356,51511.43705661356,8.193881832694766,oneil,오닐,54400.0,51136.0,6.0,2,21485286000.0,-1780247200.0,2026-01-30 18:20,1,,0
94,100790,미래에셋벤처투자,KOSDAQ,934993558400,중소기업 창업투자 관련 고유계정/투자조합 관련 수익,17600.0,16189.0,23.0,10.0,17.0,4,5.0,59.0,8.017045454545455,86.5546218487395,28.533779905128196,-,14146.0,12282.4,17996.99941420368,True,False,"{""trend_ma20"": 5, ""trend_ma50"": 5, ""trend_ma200"": 5, ""trend_align_20_50"": 3, ""trend_align_50_200"": 2, ""trend_adx"": 3, ""pat_door_knock"": 10, ""vol_explosion"": 5, ""vol_dryup"": 7, ""vol_today"": 5, ""risk_deduction"": -5}",14500.0,oneil,Inside Day,17600.0,16189.0,8.017045454545455,breakout,돌파,17996.99941420368,15880.499414203681,11.760293765023992,pullback,눌림목,14146.0,13438.699999999999,5.000000000000008,0,-10101492570.0,5845858400.0,2026-01-30 18:20,1,,0
95,489790,한화비전,KOSPI,3120182502000,비금융지주회사,61800.0,58335.0,23.0,5.0,18.0,4,9.0,59.0,5.606796116504855,95.7983193277311,59.10463200214431,B,52367.5,46174.0,57473.459445842804,False,False,"{""trend_ma20"": 5, ""trend_ma50"": 5, ""trend_ma200"": 5, ""trend_align_20_50"": 3, ""trend_adx"": 5, ""pat_setup_b"": 5, ""vol_explosion"": 5, ""vol_dryup"": 5, ""vol_today"": 8, ""risk_deduction"": -1}",39750.0,oneil,Pocket Pivot,61800.0,58335.0,5.606796116504855,pullback,눌림목,52367.5,48209.5,7.940039146417148,breakout,돌파,63036.0,57838.5,8.245288406624786,0,-7743594800.0,9694287400.0,2026-01-30 18:19,1,,0
96,253450,스튜디오드래곤,KOSDAQ GLOBAL,1481883951400,"드라마 제작, 판매",49300.0,47601.0,22.0,10.0,13.0,4,9.0,58.0,5.339458298532395,100.0,39.37049462173205,-,45860.0,42416.0,48521.64761535002,True,False,"{""trend_ma20"": 5, ""trend_ma50"": 5, ""trend_ma200"": 5, ""trend_align_20_50"": 3, ""trend_adx"": 4, ""pat_door_knock"": 10, ""vol_explosion"": 5, ""vol_dryup"": 5, ""vol_today"": 3, ""risk_deduction"": -1}",47050.0,breakout,돌파,50286.0,47601.0,5.339458298532395,oneil,오닐,49300.0,47510.0,3.630831643002028,pullback,눌림목,45860.0,43567.0,5.0,0,-5475697300.0,21858684150.0,2026-01-30 18:20,1,,0
97,204270,제이앤티씨,KOSDAQ,1408610147100,"강화유리, 커넥터",24350.0,23093.5,24.0,10.0,11.0,4,9.0,58.0,5.160164271047228,31.092436974789916,30.248701681217568,-,20432.0,20245.0,25570.682558055967,True,False,"{""trend_ma20"": 5, ""trend_ma50"": 5, ""trend_ma200"": 5, ""trend_align_20_50"": 3, ""trend_align_50_200"": 2, ""trend_adx"": 4, ""pat_door_knock"": 10, ""vol_dryup"": 3, ""vol_today"": 8, ""risk_deduction"": -1}",17970.0,oneil,Inside Day,24350.0,23093.5,5.160164271047228,breakout,돌파,25570.682558055967,23685.932558055967,7.37074575823638,pullback,눌림목,20432.0,18924.2,7.379600626468282,0,-3180270450.0,18283057300.0,2026-01-30 18:20,1,,0
98,161890,한국콜마,KOSPI,1649994882300,"화장품, 의약품",69900.0,64595.47271526529,17.0,20.0,13.0,0,7.0,57.0,8.0,1.680672268907563,30.10155550053284,R,65320.0,64834.0,70212.47034267966,True,True,"{""trend_ma20"": 5, ""trend_ma50"": 5, ""trend_align_20_50"": 3, ""trend_adx"": 4, ""pat_door_knock"": 10, ""pat_squeeze"": 10, ""vol_explosion"": 5, ""vol_today"": 8, ""risk_deduction"": -3}",87900.0,breakout,돌파,70212.47034267966,67377.47034267966,4.0377442727245905,oneil,오닐,69900.0,68010.0,2.703862660944206,pullback,눌림목,65320.0,62054.0,5.0,0,-5442015700.0,-5815546500.0,2026-01-30 18:19,1,,0
99,010140,삼성중공업,KOSPI,25916000000000,"선박(벌크선,원유운반선),철구조물,에너지플랜트 생산,판매/토목건축업",29450.0,27399.5,25.0,10.0,10.0,3,9.0,57.0,5.249416443330164,44.53781512605042,69.19554313656182,-,28917.5,26619.0,30911.156326162138,True,False,"{""trend_ma20"": 5, ""trend_ma50"": 5, ""trend_ma200"": 5, ""trend_align_20_50"": 3, ""trend_align_50_200"": 2, ""trend_adx"": 5, ""pat_door_knock"": 10, ""vol_explosion"": 5, ""vol_dryup"": 5, ""risk_deduction"": -1}",12870.0,pullback,눌림목,28917.5,27399.5,5.249416443330164,breakout,돌파,30911.156326162138,29013.656326162138,6.138560395406565,oneil,오닐,29450.0,27683.0,6.0,0,38145826500.0,-70220092600.0,2026-01-30 18:20,1,,0
100,089030,테크윙,KOSDAQ,1852682250000,"반도체테스트핸들러,C.O.K(Change Over Kit)",50000.0,46882.5,24.0,5.0,16.0,4,8.0,57.0,6.235,22.689075630252102,33.10246583089667,B,46335.0,45793.0,59651.76336978663,False,False,"{""trend_ma20"": 5, ""trend_ma50"": 5, ""trend_ma200"": 5, ""trend_align_20_50"": 3, ""trend_align_50_200"": 2, ""trend_adx"": 4, ""pat_setup_b"": 5, ""vol_explosion"": 5, ""vol_dryup"": 3, ""vol_today"": 8, ""risk_deduction"": -2}",31800.0,oneil,오닐,50000.0,46882.5,6.235,breakout,돌파,59651.76336978663,54975.51336978663,7.839248558356116,pullback,눌림목,46335.0,42594.0,8.07381029459372,0,-19022867850.0,27942443800.0,2026-01-30 18:20,1,,0
